uid,bucket,slug,new_slug,old_url,new_url,old_title,new_title,old_seo_title,new_seo_title,redirect_from,redirect_to
bltf6e6f0af0665ce7f,Beta,audit-plugin,cli-audit-plugin,/headless-cms/audit-plugin/beta,/headless-cms/cli-audit-plugin,[Contentstack Command-line Interface (CLI)] - Audit Plugin | Beta Commands,[Contentstack Command-line Interface (CLI)] - Audit Plugin | V2.x.x,Audit Plugin | Contentstack,Audit Plugin | V2.x.x | Contentstack,/docs/headless-cms/audit-plugin/beta,/docs/headless-cms/cli-audit-plugin
bltc0036c8ffee6ddd5,Beta,bootstrap-starter-apps,cli-bootstrap-starter-apps,/headless-cms/bootstrap-starter-apps/beta,/headless-cms/cli-bootstrap-starter-apps,[Contentstack Command-line Interface (CLI)] - Bootstrap Starter Apps | Beta Commands,[Contentstack Command-line Interface (CLI)] - Bootstrap Starter Apps | V2.x.x,Bootstrap Starter Apps | Contentstack,Bootstrap Starter Apps | V2.x.x | Contentstack,/docs/headless-cms/bootstrap-starter-apps/beta,/docs/headless-cms/cli-bootstrap-starter-apps
blt85d9deae08de968d,Beta,bulk-operations-in-cli,bulk-operations-in-cli,/headless-cms/bulk-operations-in-cli/beta,/headless-cms/bulk-operations-in-cli,[Contentstack Command-line Interface (CLI)] - Bulk Operations in CLI | Beta,[Contentstack Command-line Interface (CLI)] - Bulk Operations in CLI | V2.x.x,Contentstack CLI Bulk | Contentstack,Contentstack CLI Bulk | V2.x.x | Contentstack,/docs/headless-cms/bulk-operations-in-cli/beta,/docs/headless-cms/bulk-operations-in-cli
blt4617ed0b5e1c23f4,Beta,cli-authentication,cli-authentication,/headless-cms/cli-authentication/beta,/headless-cms/cli-authentication,[Contentstack Command-line Interface (CLI)] - CLI Authentication and Adding Tokens | Beta Commands,[Contentstack Command-line Interface (CLI)] - CLI Authentication and Adding Tokens | V2.x.x,CLI Authentication | Contentstack,CLI Authentication | V2.x.x | Contentstack,/docs/headless-cms/cli-authentication/beta,/docs/headless-cms/cli-authentication
blt8012fa025c919ece,Beta,cli-content-type-plugin,cli-content-type-plugin,/headless-cms/cli-content-type-plugin/beta,/headless-cms/cli-content-type-plugin,[Command Line Interface] - Content Type Plugin | Beta Commands,[Command Line Interface] - Content Type Plugin | V2.x.x,Content Type Plugin | V2 Beta | Contentstack,Content Type Plugin | V2.x.x | Contentstack,/docs/headless-cms/cli-content-type-plugin/beta,/docs/headless-cms/cli-content-type-plugin
blt50c45d9983b508a7,Beta,cli-regex-validate-plugin,cli-regex-validate-plugin,/headless-cms/cli-regex-validate-plugin/beta,/headless-cms/cli-regex-validate-plugin,[Command Line Interface] - Regex Validate Plugin | V2 Beta,[Command Line Interface] - Regex Validate Plugin | V2.x.x,Regex Validate Plugin | V2 Beta | Contentstack,Regex Validate Plugin | V2.x.x | Contentstack,/docs/headless-cms/cli-regex-validate-plugin/beta,/docs/headless-cms/cli-regex-validate-plugin
bltb61fca77fed848a6,Beta,cloning-a-stack,cli-cloning-a-stack,/headless-cms/cloning-a-stack/beta,/headless-cms/cli-cloning-a-stack,[Contentstack Command-line Interface (CLI)] - Cloning a Stack | Beta Commands,[Contentstack Command-line Interface (CLI)] - Cloning a Stack | V2.x.x,Cloning a Stack | Contentstack,Cloning a Stack | V2.x.x | Contentstack,/docs/headless-cms/cloning-a-stack/beta,/docs/headless-cms/cli-cloning-a-stack
blt1f5e428e3a8d3734,Beta,compare-and-merge-branches-using-the-cli,compare-and-merge-branches-using-the-cli,/headless-cms/compare-and-merge-branches-using-the-cli/beta,/headless-cms/compare-and-merge-branches-using-the-cli,[Contentstack Command-line Interface (CLI)] - Compare and Merge Branches Using the CLI | Beta Commands,[Contentstack Command-line Interface (CLI)] - Compare and Merge Branches Using the CLI | V2.x.x,Compare and Merge Branches Using the CLI | Contentstack,Compare and Merge Branches Using the CLI | V2.x.x | Contentstack,/docs/headless-cms/compare-and-merge-branches-using-the-cli/beta,/docs/headless-cms/compare-and-merge-branches-using-the-cli
blt66365ee2f36e0315,Beta,configure-cli-logging-preferences,configure-cli-logging-preferences,/headless-cms/configure-cli-logging-preferences/beta,/headless-cms/configure-cli-logging-preferences,[Contentstack Command-line Interface (CLI)] - Configure CLI Logging Preferences | Beta Commands,[Contentstack Command-line Interface (CLI)] - Configure CLI Logging Preferences | V2.x.x,Configure CLI Logging Preferences | Contentstack,Configure CLI Logging Preferences | V2.x.x | Contentstack,/docs/headless-cms/configure-cli-logging-preferences/beta,/docs/headless-cms/configure-cli-logging-preferences
blt275d7d8eb02308f3,Beta,configure-early-access-program-in-the-cli,configure-early-access-program-in-the-cli,/headless-cms/configure-early-access-program-in-the-cli/beta,/headless-cms/configure-early-access-program-in-the-cli,[Contentstack Command-line Interface (CLI)] - Configure Early Access in the CLI | Beta Commands,[Contentstack Command-line Interface (CLI)] - Configure Early Access in the CLI | V2.x.x,Configure Early Access in the CLI | Contentstack,Configure Early Access in the CLI | V2.x.x | Contentstack,/docs/headless-cms/configure-early-access-program-in-the-cli/beta,/docs/headless-cms/configure-early-access-program-in-the-cli
bltc7a1129f3ee45ffd,Beta,configure-rate-limits-in-the-cli,configure-rate-limits-in-the-cli,/headless-cms/configure-rate-limits-in-the-cli/beta,/headless-cms/configure-rate-limits-in-the-cli,[Contentstack Command-line Interface (CLI)] - Configure Rate Limits in the CLI | Beta Commands,[Contentstack Command-line Interface (CLI)] - Configure Rate Limits in the CLI | V2.x.x,Configure Rate Limits in the CLI | Contentstack,Configure Rate Limits in the CLI | V2.x.x | Contentstack,/docs/headless-cms/configure-rate-limits-in-the-cli/beta,/docs/headless-cms/configure-rate-limits-in-the-cli
blt267c4988aa1389a5,Beta,configure-regions-in-the-cli,configure-regions-in-the-cli,/headless-cms/configure-regions-in-the-cli/beta,/headless-cms/configure-regions-in-the-cli,[Contentstack Command-line Interface (CLI)] - Configure Regions in the CLI | Beta Commands,[Contentstack Command-line Interface (CLI)] - Configure Regions in the CLI | V2.x.x,Configure Regions in the CLI | Contentstack,Configure Regions in the CLI | V2.x.x | Contentstack,/docs/headless-cms/configure-regions-in-the-cli/beta,/docs/headless-cms/configure-regions-in-the-cli
blt25e29bfc7ef93e50,Beta,export-content-to-csv-file,cli-export-content-to-csv-file,/headless-cms/export-content-to-csv-file/beta,/headless-cms/cli-export-content-to-csv-file,[Contentstack Command-line Interface (CLI)] - Export Content to CSV File Using the CLI | Beta Commands,[Contentstack Command-line Interface (CLI)] - Export Content to CSV File Using the CLI | V2.x.x,Export Content to CSV File Using the CLI | Contentstack,Export Content to CSV File Using the CLI | V2.x.x | Contentstack,/docs/headless-cms/export-content-to-csv-file/beta,/docs/headless-cms/cli-export-content-to-csv-file
blt2fe395869b399af0,Beta,export-content-using-the-cli,export-content-using-the-cli,/headless-cms/export-content-using-the-cli/beta,/headless-cms/export-content-using-the-cli,[Contentstack Command-line Interface (CLI)] - Export Content Using the CLI | Beta Commands,[Contentstack Command-line Interface (CLI)] - Export Content Using the CLI | V2.x.x,Export Content Using the CLI | Contentstack,Export Content Using the CLI | V2.x.x | Contentstack,/docs/headless-cms/export-content-using-the-cli/beta,/docs/headless-cms/export-content-using-the-cli
blt1215a1f9bbcc9900,Beta,import-content-using-the-cli,import-content-using-the-cli,/headless-cms/import-content-using-the-cli/beta,/headless-cms/import-content-using-the-cli,[Contentstack Command-line Interface (CLI)] - Import Content Using the CLI | Beta Commands,[Contentstack Command-line Interface (CLI)] - Import Content Using the CLI | V2.x.x,Import Content Using the CLI | Contentstack,Import Content Using the CLI | V2.x.x | Contentstack,/docs/headless-cms/import-content-using-the-cli/beta,/docs/headless-cms/import-content-using-the-cli
blt9f703f1d6c0405d9,Beta,import-content-using-the-seed-command,cli-import-content-using-the-seed-command,/headless-cms/import-content-using-the-seed-command/beta,/headless-cms/cli-import-content-using-the-seed-command,[Contentstack Command-line Interface (CLI)] - Import Content Using the Seed Command | Beta Commands,[Contentstack Command-line Interface (CLI)] - Import Content Using the Seed Command | V2.x.x,Import Content Using the Seed Command | Contentstack,Import Content Using the Seed Command | V2.x.x | Contentstack,/docs/headless-cms/import-content-using-the-seed-command/beta,/docs/headless-cms/cli-import-content-using-the-seed-command
blt992979390532a894,Beta,migrate-your-content-using-the-cli-migration-command,migrate-your-content-using-the-cli-migration-command,/headless-cms/migrate-your-content-using-the-cli-migration-command/beta,/headless-cms/migrate-your-content-using-the-cli-migration-command,[Contentstack Command-line Interface (CLI)] - Migrate your Content using the CLI Migration Command | Beta Commands,[Contentstack Command-line Interface (CLI)] - Migrate your Content using the CLI Migration Command | V2.x.x,Migrate your Content using the CLI Migration Command | Contentstack,Migrate your Content using the CLI Migration Command | V2.x.x | Contentstack,/docs/headless-cms/migrate-your-content-using-the-cli-migration-command/beta,/docs/headless-cms/migrate-your-content-using-the-cli-migration-command
bltd28635508877b2ec,Beta,overwrite-existing-content-using-cli-import,overwrite-existing-content-using-cli-import,/headless-cms/overwrite-existing-content-using-cli-import/beta,/headless-cms/overwrite-existing-content-using-cli-import,[Contentstack Command-line Interface (CLI)] - Overwrite Existing Content using CLI Import | Beta Commands,[Contentstack Command-line Interface (CLI)] - Overwrite Existing Content using CLI Import | V2.x.x,Overwrite Existing Content using CLI Import | Contentstack,Overwrite Existing Content using CLI Import | V2.x.x | Contentstack,/docs/headless-cms/overwrite-existing-content-using-cli-import/beta,/docs/headless-cms/overwrite-existing-content-using-cli-import
bltcfd09427012100cd,GA,apps-cli-plugin,apps-cli-plugin,/headless-cms/apps-cli-plugin,/headless-cms/apps-cli-plugin/v1,[Contentstack Command-line Interface (CLI)] - Apps CLI Plugin,[Contentstack Command-line Interface (CLI)] - Apps CLI Plugin | V1.x.x,Apps CLI Plugin | Contentstack,Apps CLI Plugin | V1.x.x | Contentstack,/docs/headless-cms/apps-cli-plugin,/docs/headless-cms/apps-cli-plugin/v1
blt6ee109a7b3725e1c,GA,asset-scanning-in-cli,asset-scanning-in-cli,/headless-cms/asset-scanning-in-cli,/headless-cms/asset-scanning-in-cli/v1,[Contentstack Command-line Interface (CLI)] - Asset Scanning in CLI,[Contentstack Command-line Interface (CLI)] - Asset Scanning in CLI | V1.x.x,Asset Scanning in CLI | Contentstack,Asset Scanning in CLI | V1.x.x | Contentstack,/docs/headless-cms/asset-scanning-in-cli,/docs/headless-cms/asset-scanning-in-cli/v1
blt5bf8ffa6d7788728,GA,audit-plugin,cli-audit-plugin,/headless-cms/audit-plugin,/headless-cms/cli-audit-plugin/v1,[Contentstack Command-line Interface (CLI)] - Audit Plugin,[Contentstack Command-line Interface (CLI)] - Audit Plugin | V1.x.x,Audit Plugin | Contentstack,Audit Plugin | V1.x.x | Contentstack,/docs/headless-cms/audit-plugin,/docs/headless-cms/cli-audit-plugin
blt9da47fd57e3fd92e,GA,bootstrap-starter-apps,cli-bootstrap-starter-apps,/headless-cms/bootstrap-starter-apps,/headless-cms/cli-bootstrap-starter-apps/v1,[Contentstack Command-line Interface (CLI)] - Bootstrap Starter Apps,[Contentstack Command-line Interface (CLI)] - Bootstrap Starter Apps | V1.x.x,Bootstrap Starter Apps | Contentstack,Bootstrap Starter Apps | V1.x.x | Contentstack,/docs/headless-cms/bootstrap-starter-apps,/docs/headless-cms/cli-bootstrap-starter-apps
bltd48fe0ffb5cf8b08,GA,branches-migration-use-cases,cli-branches-migration-use-cases,/headless-cms/branches-migration-use-cases,/headless-cms/cli-branches-migration-use-cases/v1,[Contentstack Command-line Interface (CLI)] - Branches | Migration Use Cases,[Contentstack Command-line Interface (CLI)] - Branches | Migration Use Cases | V1.x.x,Branches | Migration Use Cases,Branches | Migration Use Cases | V1.x.x | Contentstack,/docs/headless-cms/branches-migration-use-cases,/docs/headless-cms/cli-branches-migration-use-cases/v1
blt2a4723e44d15237a,GA,bulk-operations-in-cli,bulk-operations-in-cli,/headless-cms/bulk-operations-in-cli,/headless-cms/bulk-operations-in-cli/v1,[Contentstack Command-line Interface (CLI)] - Bulk Operations in CLI,[Contentstack Command-line Interface (CLI)] - Bulk Operations in CLI | V1.x.x,Contentstack CLI Bulk | Contentstack,Contentstack CLI Bulk | V1.x.x | Contentstack,,
blt804647818d4181f9,GA,bulk-publish-and-unpublish-content,cli-bulk-publish-and-unpublish-content,/headless-cms/bulk-publish-and-unpublish-content,/headless-cms/cli-bulk-publish-and-unpublish-content/v1,[Contentstack Command-line Interface (CLI)] - Bulk Publish and Unpublish Content,[Contentstack Command-line Interface (CLI)] - Bulk Publish and Unpublish Content | V1.x.x,Bulk Publish and Unpublish Content | Contentstack Documentation,Bulk Publish and Unpublish Content | V1.x.x | Contentstack Documentation,/docs/headless-cms/bulk-publish-and-unpublish-content,/docs/headless-cms/bulk-operations-in-cli
blt278785a9d6da5074,GA,change-master-locale,cli-change-master-locale,/headless-cms/change-master-locale,/headless-cms/cli-change-master-locale,[Contentstack Command-line Interface (CLI)] - Change Master Locale,[Contentstack Command-line Interface (CLI)] - Change Master Locale,Change Master Locale | Contentstack,Change Master Locale | Contentstack,/docs/headless-cms/change-master-locale,/docs/headless-cms/cli-change-master-locale
blt372f35bf931194f0,GA,cli-authentication,cli-authentication,/headless-cms/cli-authentication,/headless-cms/cli-authentication/v1,[Contentstack Command-line Interface (CLI)] - CLI Authentication and Adding Tokens,[Contentstack Command-line Interface (CLI)] - CLI Authentication and Adding Tokens | V1.x.x,CLI Authentication | Contentstack,CLI Authentication | V1.x.x | Contentstack,,
bltb2268be653f55338,GA,cli-content-type-plugin,cli-content-type-plugin,/headless-cms/cli-content-type-plugin,/headless-cms/cli-content-type-plugin/v1,[Command Line Interface] - Content Type Plugin,[Command Line Interface] - Content Type Plugin | V1.x.x,Content Type Plugin | Contentstack,Content Type Plugin | V1.x.x | Contentstack,,
blt642ce07c5edd5f56,Beta,cli-for-cs-assets,cli-for-cs-assets,/headless-cms/cli-for-cs-assets,/headless-cms/cli-for-cs-assets,[Contentstack Command-line Interface (CLI)] - CLI for CS Assets,[Contentstack Command-line Interface (CLI)] - CLI for CS Assets | V2.x.x,,CLI for CS Assets | V2.x.x | Contentstack,,
bltff3041eae16be17d,GA,cli-for-launch,cli-for-launch,/headless-cms/cli-for-launch,/headless-cms/cli-for-launch/v1,[Contentstack Command-line Interface (CLI)] - CLI for Launch,[Contentstack Command-line Interface (CLI)] - CLI for Launch | V1.x.x,CLI for Launch | Contentstack,CLI for Launch | V1.x.x | Contentstack,/docs/headless-cms/cli-for-launch,/docs/headless-cms/cli-for-launch/v1
blt74918691c8a465c1,GA,cli-limitations,cli-limitations,/headless-cms/cli-limitations,/headless-cms/cli-limitations/v1,[Contentstack Command-line Interface (CLI)] - CLI Limitations,[Contentstack Command-line Interface (CLI)] - CLI Limitations | V1.x.x,CLI Limitations | Contentstack,CLI Limitations | V1.x.x | Contentstack,/docs/headless-cms/cli-limitations,/docs/headless-cms/cli-limitations/v1
blt33b42b2ce32f4cb4,GA,cli-regex-validate-plugin,cli-regex-validate-plugin,/headless-cms/cli-regex-validate-plugin,/headless-cms/cli-regex-validate-plugin/v1,[Command Line Interface] - Regex Validate Plugin,[Command Line Interface] - Regex Validate Plugin | V1.x.x,Regex Validate Plugin | Contentstack,Regex Validate Plugin | V1.x.x | Contentstack,,
blte46be17c7b0eacde,GA,cli-supported-features-for-export-import-and-clone-operations,cli-supported-features-for-export-import-and-clone-operations,/headless-cms/cli-supported-features-for-export-import-and-clone-operations,/headless-cms/cli-supported-features-for-export-import-and-clone-operations/v1,"[Contentstack Command-line Interface (CLI)] - CLI-Supported Features for Export, Import, and Clone Operations","[Contentstack Command-line Interface (CLI)] - CLI-Supported Features for Export, Import, and Clone Operations | V1.x.x","CLI-Supported Features for Export, Import, and Clone Operations | Contentstack","CLI-Supported Features for Export, Import, and Clone Operations | V1.x.x | Contentstack",/docs/headless-cms/cli-supported-features-for-export-import-and-clone-operations,/docs/headless-cms/cli-supported-features-for-export-import-and-clone-operations/v1
bltf1f565bcdf7e63cd,GA,cloning-a-stack,cli-cloning-a-stack,/headless-cms/cloning-a-stack,/headless-cms/cli-cloning-a-stack/v1,[Contentstack Command-line Interface (CLI)] - Cloning a Stack,[Contentstack Command-line Interface (CLI)] - Cloning a Stack | V1.x.x,Cloning a Stack | Contentstack,Cloning a Stack | V1.x.x | Contentstack,/docs/headless-cms/cloning-a-stack,/docs/headless-cms/cli-cloning-a-stack
blt12dd3cd4c0194061,GA,compare-and-merge-branches-using-the-cli,compare-and-merge-branches-using-the-cli,/headless-cms/compare-and-merge-branches-using-the-cli,/headless-cms/compare-and-merge-branches-using-the-cli/v1,[Contentstack Command-line Interface (CLI)] - Compare and Merge Branches Using the CLI,[Contentstack Command-line Interface (CLI)] - Compare and Merge Branches Using the CLI | V1.x.x,Compare and Merge Branches Using the CLI | Contentstack,Compare and Merge Branches Using the CLI | V1.x.x | Contentstack,,
blta33efb37c73c3bdf,GA,configure-cli-logging-preferences,configure-cli-logging-preferences,/headless-cms/configure-cli-logging-preferences,/headless-cms/configure-cli-logging-preferences/v1,[Contentstack Command-line Interface (CLI)] - Configure CLI Logging Preferences,[Contentstack Command-line Interface (CLI)] - Configure CLI Logging Preferences | V1.x.x,Configure CLI Logging Preferences | Contentstack,Configure CLI Logging Preferences | V1.x.x | Contentstack,,
blt923027e7deb9851a,GA,configure-early-access-program-in-the-cli,configure-early-access-program-in-the-cli,/headless-cms/configure-early-access-program-in-the-cli,/headless-cms/configure-early-access-program-in-the-cli/v1,[Contentstack Command-line Interface (CLI)] - Configure Early Access in the CLI,[Contentstack Command-line Interface (CLI)] - Configure Early Access in the CLI | V1.x.x,Configure Early Access in the CLI | Contentstack,Configure Early Access in the CLI | V1.x.x | Contentstack,,
blt1637a00d696b0fe4,GA,configure-mfa-secret-using-cli,configure-mfa-secret-using-cli,/headless-cms/configure-mfa-secret-using-cli,/headless-cms/configure-mfa-secret-using-cli/v1,[Contentstack Command-line Interface (CLI)] - Configure MFA Secret Using CLI,[Contentstack Command-line Interface (CLI)] - Configure MFA Secret Using CLI | V1.x.x,Configure Multi-Factor Authentication (MFA) Secret Using CLI | Contentstack,Configure Multi-Factor Authentication (MFA) Secret Using CLI | V1.x.x | Contentstack,/docs/headless-cms/configure-mfa-secret-using-cli,/docs/headless-cms/configure-mfa-secret-using-cli/v1
bltd66941065e0c9244,GA,configure-proxy-settings-in-cli,configure-proxy-settings-in-cli,/headless-cms/configure-proxy-settings-in-cli,/headless-cms/configure-proxy-settings-in-cli/v1,[Contentstack Command-line Interface (CLI)] - Configure Proxy Settings in CLI,[Contentstack Command-line Interface (CLI)] - Configure Proxy Settings in CLI | V1.x.x,Configure Proxy Settings in CLI | Contentstack,Configure Proxy Settings in CLI | V1.x.x | Contentstack,/docs/headless-cms/configure-proxy-settings-in-cli,/docs/headless-cms/configure-proxy-settings-in-cli/v1
bltdb5ced1cd5ecc104,GA,configure-rate-limits-in-the-cli,configure-rate-limits-in-the-cli,/headless-cms/configure-rate-limits-in-the-cli,/headless-cms/configure-rate-limits-in-the-cli/v1,[Contentstack Command-line Interface (CLI)] - Configure Rate Limits in the CLI,[Contentstack Command-line Interface (CLI)] - Configure Rate Limits in the CLI | V1.x.x,Configure Rate Limits in the CLI | Contentstack,Configure Rate Limits in the CLI | V1.x.x | Contentstack,,
bltbc6ad24437532c4f,GA,configure-regions-in-the-cli,configure-regions-in-the-cli,/headless-cms/configure-regions-in-the-cli,/headless-cms/configure-regions-in-the-cli/v1,[Contentstack Command-line Interface (CLI)] - Configure Regions in the CLI,[Contentstack Command-line Interface (CLI)] - Configure Regions in the CLI | V1.x.x,Configure Regions in the CLI | Contentstack,Configure Regions in the CLI | V1.x.x | Contentstack,,
bltc7c58ab7c7d76974,GA,contentstack-cli-configuration-reference,contentstack-cli-configuration-reference,/headless-cms/contentstack-cli-configuration-reference,/headless-cms/contentstack-cli-configuration-reference,[Contentstack Command-line Interface (CLI)] - Contentstack CLI Configuration Reference,[Contentstack Command-line Interface (CLI)] - Contentstack CLI Configuration Reference,Contentstack CLI Configuration Reference | Contentstack,Contentstack CLI Configuration Reference | Contentstack,,
blt18f5edee45f9d6c2,GA,create-custom-cli-commands,create-custom-cli-commands,/headless-cms/create-custom-cli-commands,/headless-cms/create-custom-cli-commands,[Contentstack Command-line Interface (CLI)] - Create Custom CLI Commands,[Contentstack Command-line Interface (CLI)] - Create Custom CLI Commands,Write a Custom CLI Command | Contentstack Documentation,Write a Custom CLI Command | Contentstack Documentation,,
blt4f27fd89adf6b6c1,GA,create-custom-cli-plugins,create-custom-cli-plugins,/headless-cms/create-custom-cli-plugins,/headless-cms/create-custom-cli-plugins,[Contentstack Command-line Interface (CLI)] - Create Custom CLI Plugins for Contentstack,[Contentstack Command-line Interface (CLI)] - Create Custom CLI Plugins for Contentstack,Create Custom CLI Plugins for Contentstack | Contentstack,Create Custom CLI Plugins for Contentstack | Contentstack,,
blt844ebc9ef2c5bf61,GA,entry-migration,cli-entry-migration,/headless-cms/entry-migration,/headless-cms/cli-entry-migration/v1,[Contentstack Command-line Interface (CLI)] - Entry Migration,[Contentstack Command-line Interface (CLI)] - Entry Migration | V1.x.x,Entry Migration | Contentstack,Entry Migration | V1.x.x | Contentstack,/docs/headless-cms/entry-migration,/docs/headless-cms/cli-entry-migration/v1
blt64c4e01079d2e7c2,GA,export-content-to-csv-file,cli-export-content-to-csv-file,/headless-cms/export-content-to-csv-file,/headless-cms/cli-export-content-to-csv-file/v1,[Contentstack Command-line Interface (CLI)] - Export Content to CSV File Using the CLI,[Contentstack Command-line Interface (CLI)] - Export Content to CSV File Using the CLI | V1.x.x,Export Content to CSV File Using the CLI | Contentstack,Export Content to CSV File Using the CLI | V1.x.x | Contentstack,/docs/headless-cms/export-content-to-csv-file,/docs/headless-cms/cli-export-content-to-csv-file
blt878916ff618af5c2,GA,export-content-using-the-cli,export-content-using-the-cli,/headless-cms/export-content-using-the-cli,/headless-cms/export-content-using-the-cli/v1,[Contentstack Command-line Interface (CLI)] - Export Content Using the CLI,[Contentstack Command-line Interface (CLI)] - Export Content Using the CLI | V1.x.x,Export Content Using the CLI | Contentstack,Export Content Using the CLI | V1.x.x | Contentstack,,
blt1ee86e6419f390f8,GA,import-content-using-the-cli,import-content-using-the-cli,/headless-cms/import-content-using-the-cli,/headless-cms/import-content-using-the-cli/v1,[Contentstack Command-line Interface (CLI)] - Import Content Using the CLI,[Contentstack Command-line Interface (CLI)] - Import Content Using the CLI | V1.x.x,Import Content Using the CLI | Contentstack,Import Content Using the CLI | V1.x.x | Contentstack,,
bltd980d5d1a241b442,GA,import-content-using-the-seed-command,cli-import-content-using-the-seed-command,/headless-cms/import-content-using-the-seed-command,/headless-cms/cli-import-content-using-the-seed-command/v1,[Contentstack Command-line Interface (CLI)] - Import Content Using the Seed Command,[Contentstack Command-line Interface (CLI)] - Import Content Using the Seed Command | V1.x.x,Import Content Using the Seed Command | Contentstack,Import Content Using the Seed Command | V1.x.x | Contentstack,/docs/headless-cms/import-content-using-the-seed-command,/docs/headless-cms/cli-import-content-using-the-seed-command
blt0756f65e7c6f9eed,GA,install-the-cli,install-the-cli,/headless-cms/install-the-cli,/headless-cms/install-the-cli/v1,[Contentstack Command-line Interface (CLI)] - Install the CLI,[Contentstack Command-line Interface (CLI)] - Install the CLI | V1.x.x,Install the CLI | Contentstack,Install the CLI | V1.x.x | Contentstack,/docs/headless-cms/install-the-cli,/docs/headless-cms/install-the-cli/v1
blt229455bbe1e19fa9,GA,migrate-and-overwrite-content-in-the-same-stack,cli-migrate-and-overwrite-content-in-the-same-stack,/headless-cms/migrate-and-overwrite-content-in-the-same-stack,/headless-cms/cli-migrate-and-overwrite-content-in-the-same-stack/v1,[Contentstack Command-line Interface (CLI)] - Migrate and Overwrite Content in the Same Stack,[Contentstack Command-line Interface (CLI)] - Migrate and Overwrite Content in the Same Stack | V1.x.x,Overwrite Content in the Same Stack | Contentstack,Overwrite Content in the Same Stack | V1.x.x | Contentstack,/docs/headless-cms/migrate-and-overwrite-content-in-the-same-stack,/docs/headless-cms/cli-migrate-and-overwrite-content-in-the-same-stack/v1
blt8e8d75af4f2678b0,GA,migrate-content-between-stacks-using-the-cli,migrate-content-between-stacks-using-the-cli,/headless-cms/migrate-content-between-stacks-using-the-cli,/headless-cms/migrate-content-between-stacks-using-the-cli/v1,[Contentstack Command-line Interface (CLI)] - Migrate Content Between Stacks Using the CLI,[Contentstack Command-line Interface (CLI)] - Migrate Content Between Stacks Using the CLI | V1.x.x,Migrate Content Between Stacks Using the CLI | Contentstack,Migrate Content Between Stacks Using the CLI | V1.x.x | Contentstack,/docs/headless-cms/migrate-content-between-stacks-using-the-cli,/docs/headless-cms/migrate-content-between-stacks-using-the-cli/v1
bltd423e81420316dfd,GA,migrate-content-from-html-rte-to-json-rte,cli-migrate-content-from-html-rte-to-json-rte,/headless-cms/migrate-content-from-html-rte-to-json-rte,/headless-cms/cli-migrate-content-from-html-rte-to-json-rte/v1,[CLI] - Migrate Content from HTML RTE to JSON RTE using CLI,[CLI] - Migrate Content from HTML RTE to JSON RTE using CLI | V1.x.x, Migrate Content from HTML RTE to JSON RTE using CLI | Contentstack,Migrate Content from HTML RTE to JSON RTE using CLI | V1.x.x | Contentstack,/docs/headless-cms/migrate-content-from-html-rte-to-json-rte,/docs/headless-cms/cli-migrate-content-from-html-rte-to-json-rte/v1
blt3168251b46327602,GA,migrate-selected-content-types-using-the-query-export-plugin,cli-migrate-selected-content-types-using-the-query-export-plugin,/headless-cms/migrate-selected-content-types-using-the-query-export-plugin,/headless-cms/cli-migrate-selected-content-types-using-the-query-export-plugin,[Contentstack Command-line Interface (CLI)] - Migrate Selected Content Using the Query Export Plugin,[Contentstack Command-line Interface (CLI)] - Migrate Selected Content Using the Query Export Plugin,Migrate Selected Content with Query Export | Contentstack,Migrate Selected Content with Query Export | Contentstack,/docs/headless-cms/migrate-selected-content-types-using-the-query-export-plugin,/docs/headless-cms/cli-migrate-selected-content-types-using-the-query-export-plugin
blt563cc44829432a89,GA,migrate-your-content-using-the-cli-migration-command,migrate-your-content-using-the-cli-migration-command,/headless-cms/migrate-your-content-using-the-cli-migration-command,/headless-cms/migrate-your-content-using-the-cli-migration-command/v1,[Contentstack Command-line Interface (CLI)] - Migrate your Content using the CLI Migration Command,[Contentstack Command-line Interface (CLI)] - Migrate your Content using the CLI Migration Command | V1.x.x,Migrate your Content using the CLI Migration Command | Contentstack,Migrate your Content using the CLI Migration Command | V1.x.x | Contentstack,,
blt3a999013669bda40,GA,overwrite-existing-content-using-cli-import,overwrite-existing-content-using-cli-import,/headless-cms/overwrite-existing-content-using-cli-import,/headless-cms/overwrite-existing-content-using-cli-import/v1,[Contentstack Command-line Interface (CLI)] - Overwrite Existing Content using CLI Import,[Contentstack Command-line Interface (CLI)] - Overwrite Existing Content using CLI Import | V1.x.x,Overwrite Existing Content using CLI Import | Contentstack,Overwrite Existing Content using CLI Import | V1.x.x | Contentstack,,
blt7b3284729d3494f0,GA,query-based-export,cli-query-based-export,/headless-cms/query-based-export,/headless-cms/cli-query-based-export,[Contentstack Command-line Interface (CLI)] - Query-based Export,[Contentstack Command-line Interface (CLI)] - Query-based Export,Query-based Export | Contentstack,Query-based Export | Contentstack,/docs/headless-cms/query-based-export,/docs/headless-cms/cli-query-based-export
blt2a6acf45012c79f3,GA,taxonomy-migration,cli-taxonomy-migration,/headless-cms/taxonomy-migration,/headless-cms/cli-taxonomy-migration,[Contentstack Command-line Interface (CLI)] - Taxonomy Migration,[Contentstack Command-line Interface (CLI)] - Taxonomy Migration,Taxonomy Migration | Contentstack,Taxonomy Migration | Contentstack,/docs/headless-cms/taxonomy-migration,/docs/headless-cms/cli-taxonomy-migration
bltcc14ad6c062c9a82,GA,tsgen-plugin,cli-tsgen-plugin,/headless-cms/tsgen-plugin,/headless-cms/cli-tsgen-plugin/v1,[Contentstack Command-line Interface (CLI)] - Generate Typescript Typings with TSGen Plugin,[Contentstack Command-line Interface (CLI)] - Generate Typescript Typings with TSGen Plugin | V1.x.x,Generate Typescript Typings with TSGen Plugin | Contentstack,Generate Typescript Typings with TSGen Plugin | V1.x.x | Contentstack,/docs/headless-cms/tsgen-plugin,/docs/headless-cms/cli-tsgen-plugin/v1
blt553b89ec322a6199,GA,uninstall-cli-plugins,uninstall-cli-plugins,/headless-cms/uninstall-cli-plugins,/headless-cms/uninstall-cli-plugins,[Contentstack Command-line Interface (CLI)] - Uninstall CLI Plugins,[Contentstack Command-line Interface (CLI)] - Uninstall CLI Plugins,Uninstall CLI Plugins | Contentstack Documentation,Uninstall CLI Plugins | Contentstack Documentation,,
blt3afca0a8bf912f83,GA,update-missing-reference-uids,cli-update-missing-reference-uids,/headless-cms/update-missing-reference-uids,/headless-cms/cli-update-missing-reference-uids,"[Contentstack Command-line Interface (CLI)] - Update Missing Reference UIDs for Entries, Assets, and Extensions","[Contentstack Command-line Interface (CLI)] - Update Missing Reference UIDs for Entries, Assets, and Extensions","Update Missing Reference UIDs for Entries, Assets, and Extensions | Contentstack","Update Missing Reference UIDs for Entries, Assets, and Extensions | Contentstack",/docs/headless-cms/update-missing-reference-uids,/docs/headless-cms/cli-update-missing-reference-uids
bltb4d51965b514f7c6,GA,useful-plugins,cli-useful-plugins,/headless-cms/useful-plugins,/headless-cms/cli-useful-plugins,[Contentstack Command-line Interface (CLI)] - Useful Plugins,[Contentstack Command-line Interface (CLI)] - Useful Plugins,Useful Plugins,Useful Plugins | Contentstack,/docs/headless-cms/useful-plugins,/docs/headless-cms/cli-useful-plugins
bltc569502a4237c38f,old,bootstrap-starter-apps,cli-bootstrap-starter-apps,/headless-cms/bootstrap-starter-apps/old-commands,/headless-cms/cli-bootstrap-starter-apps/v0,[Contentstack Command-line Interface (CLI)] - Bootstrap Starter Apps | Old Commands,[Contentstack Command-line Interface (CLI)] - Bootstrap Starter Apps | V0.x.x,Bootstrap Starter Apps using the CLI | Old Commands | Contentstack Documentation,Bootstrap Starter Apps using the CLI | V0.x.x | Contentstack Documentation,/docs/headless-cms/bootstrap-starter-apps/old-commands,/docs/headless-cms/cli-bootstrap-starter-apps/v0
bltb8dd8dab38ffc4c1,old,branches-migration-use-cases,cli-branches-migration-use-cases,/headless-cms/branches-migration-use-cases/old-commands,/headless-cms/cli-branches-migration-use-cases/v0,[Contentstack Command-line Interface (CLI)] - Branches | Migration Use Cases | Old Commands,[Contentstack Command-line Interface (CLI)] - Branches | Migration Use Cases | V0.x.x,Branches | Migration Use Cases,Branches | Migration Use Cases | V0.x.x | Contentstack,/docs/headless-cms/branches-migration-use-cases/old-commands,/docs/headless-cms/cli-branches-migration-use-cases/v0
blt7cd9c7438ee7322e,old,bulk-publish-and-unpublish-content,cli-bulk-publish-and-unpublish-content,/headless-cms/bulk-publish-and-unpublish-content/old-commands,/headless-cms/cli-bulk-publish-and-unpublish-content/v0,[Contentstack Command-line Interface (CLI)] - Bulk Publish and Unpublish Content | Old Commands,[Contentstack Command-line Interface (CLI)] - Bulk Publish and Unpublish Content | V0.x.x,Bulk Publish and Unpublish Content | Old Commands | Contentstack,Bulk Publish and Unpublish Content | V0.x.x | Contentstack,/docs/headless-cms/bulk-publish-and-unpublish-content/old-commands,/docs/headless-cms/bulk-operations-in-cli
bltb29a84507c788306,old,cli-authentication,cli-authentication,/headless-cms/cli-authentication/old-commands,/headless-cms/cli-authentication/v0,[Contentstack Command-line Interface (CLI)] - CLI Authentication and Adding Tokens | Old Commands,[Contentstack Command-line Interface (CLI)] - CLI Authentication and Adding Tokens | V0.x.x,CLI Authentication | Old Commands | Contentstack,CLI Authentication | V0.x.x | Contentstack,/docs/headless-cms/cli-authentication/old-commands,/docs/headless-cms/cli-authentication/v0
bltee9040b2a40f7437,old,cloning-a-stack,cli-cloning-a-stack,/headless-cms/cloning-a-stack/old-commands,/headless-cms/cli-cloning-a-stack/v0,[Contentstack Command-line Interface (CLI)] - Cloning a Stack | Old Commands,[Contentstack Command-line Interface (CLI)] - Cloning a Stack | V0.x.x,Cloning a Stack | Old Commands | Contentstack,Cloning a Stack | V0.x.x | Contentstack,/docs/headless-cms/cloning-a-stack/old-commands,/docs/headless-cms/cli-cloning-a-stack/v0
bltb2a9262996cb0033,old,configure-regions-in-the-cli,configure-regions-in-the-cli,/headless-cms/configure-regions-in-the-cli/old-commands,/headless-cms/configure-regions-in-the-cli/v0,[Contentstack Command-line Interface (CLI)] - Configure Regions in the CLI | Old Commands,[Contentstack Command-line Interface (CLI)] - Configure Regions in the CLI | V0.x.x,Configure Regions in the CLI | Old Commands | Contenstack,Configure Regions in the CLI | V0.x.x | Contentstack,/docs/headless-cms/configure-regions-in-the-cli/old-commands,/docs/headless-cms/configure-regions-in-the-cli/v0
blt0a21fe8af5279f9d,old,export-content-to-csv-file,cli-export-content-to-csv-file,/headless-cms/export-content-to-csv-file/old-commands,/headless-cms/cli-export-content-to-csv-file/v0,[Contentstack Command-line Interface (CLI)] - Export Content to .CSV File | Old Commands,[Contentstack Command-line Interface (CLI)] - Export Content to .CSV File | V0.x.x,Export Content to .CSV File | Old Commands | Contentstack,Export Content to .CSV File | V0.x.x | Contentstack,/docs/headless-cms/export-content-to-csv-file/old-commands,/docs/headless-cms/cli-export-content-to-csv-file/v0
blt88f14f6af9eca1d9,old,export-content-using-the-cli,export-content-using-the-cli,/headless-cms/export-content-using-the-cli/old-commands,/headless-cms/export-content-using-the-cli/v0,[Contentstack Command-line Interface (CLI)] - Export Content using the CLI | Old Commands,[Contentstack Command-line Interface (CLI)] - Export Content using the CLI | V0.x.x,Export Content using the CLI | Old Commands | Contentstack,Export Content using the CLI | V0.x.x | Contentstack,/docs/headless-cms/export-content-using-the-cli/old-commands,/docs/headless-cms/export-content-using-the-cli/v0
bltc452d443530ac981,old,import-content-using-the-cli,import-content-using-the-cli,/headless-cms/import-content-using-the-cli/old-commands,/headless-cms/import-content-using-the-cli/v0,[Contentstack Command-line Interface (CLI)] - Import Content using the CLI | Old Commands,[Contentstack Command-line Interface (CLI)] - Import Content using the CLI | V0.x.x,Import Content using the CLI | Old Commands | Contentstack,Import Content using the CLI | V0.x.x | Contentstack,/docs/headless-cms/import-content-using-the-cli/old-commands,/docs/headless-cms/import-content-using-the-cli/v0
blt78f6b7d84156806f,old,import-content-using-the-seed-command,cli-import-content-using-the-seed-command,/headless-cms/import-content-using-the-seed-command/old-commands,/headless-cms/cli-import-content-using-the-seed-command/v0,[Contentstack Command-line Interface (CLI)] - Import Content using the Seed Command | Old Commands,[Contentstack Command-line Interface (CLI)] - Import Content using the Seed Command | V0.x.x,Import Content using the Seed Command | Old Commands | Contentstack,Import Content using the Seed Command | V0.x.x | Contentstack,/docs/headless-cms/import-content-using-the-seed-command/old-commands,/docs/headless-cms/cli-import-content-using-the-seed-command/v0
bltcddcfb50d44a61db,old,migrate-content-from-html-rte-to-json-rte,cli-migrate-content-from-html-rte-to-json-rte,/headless-cms/migrate-content-from-html-rte-to-json-rte/old-commands,/headless-cms/cli-migrate-content-from-html-rte-to-json-rte/v0,[Contentstack Command-line Interface (CLI)] - Migrate Content from HTML RTE to JSON RTE | Old Commands,[Contentstack Command-line Interface (CLI)] - Migrate Content from HTML RTE to JSON RTE | V0.x.x,Migrate Content from HTML RTE to JSON RTE | Old Commands | Contentstack,Migrate Content from HTML RTE to JSON RTE | V0.x.x | Contentstack,/docs/headless-cms/migrate-content-from-html-rte-to-json-rte/old-commands,/docs/headless-cms/cli-migrate-content-from-html-rte-to-json-rte/v0
bltce91c490961bf924,old,migrate-your-content-using-the-cli-migration-command,migrate-your-content-using-the-cli-migration-command,/headless-cms/migrate-your-content-using-the-cli-migration-command/old-commands,/headless-cms/migrate-your-content-using-the-cli-migration-command/v0,[Contentstack Command-line Interface (CLI)] - Migrate your Content using the CLI Migration Command | Old Commands,[Contentstack Command-line Interface (CLI)] - Migrate your Content using the CLI Migration Command | V0.x.x,Migrate your Content using the CLI Migration Command | Old Commands | Contentstack,Migrate your Content using the CLI Migration Command | V0.x.x | Contentstack,/docs/headless-cms/migrate-your-content-using-the-cli-migration-command/old-commands,/docs/headless-cms/migrate-your-content-using-the-cli-migration-command/v0
